"Timestamp","
1. Strategic vision  [Importance]","
1. Strategic vision  [Performance]","
2. Strategic planning   [Importance]","
2. Strategic planning   [Performance]","
3. Consumer experience  [Importance]","
3. Consumer experience  [Performance]","
4. Competitive strategy  [Importance]","
4. Competitive strategy  [Performance]","
5. Operating environment strategy  [Importance]","
5. Operating environment strategy  [Performance]","
6. Strategic execution   [Importance]","
6. Strategic execution   [Performance]","
7. Core capabilities  [Importance]","
7. Core capabilities  [Performance]","
Comments/Insights on Strategic Direction","
8. Organizational design  [Importance]","
8. Organizational design  [Performance]","
9. Job and work group design  [Importance]","
9. Job and work group design  [Performance]","
10. Operational alignment and integration  [Importance]","
10. Operational alignment and integration  [Performance]","
11. Strategic alliances/ partnerships  [Importance]","
11. Strategic alliances/ partnerships  [Performance]","
12. Developing new ventures  [Importance]","
12. Developing new ventures  [Performance]","
13. Organizational governance  [Importance]","
13. Organizational governance  [Performance]","
14. Organizational communication  [Importance]","
14. Organizational communication  [Performance]","
Comments/ Insights on Organizational structure and process ","
15. Financial management  [Importance]","15. Financial management  [Performance]","
16. Operations management  [Importance]","16. Operations management  [Performance]","
17. Customer relationship management  [Importance]","
17. Customer relationship management  [Performance]","
18. Public Affairs/Advocacy  [Importance]","
18. Public Affairs/Advocacy  [Performance]","
19. Marketing  [Importance]","
19. Marketing  [Performance]","
20. People management  [Importance]","
20. People management  [Performance]","
21. Information technology  [Importance]","
21. Information technology  [Performance]","
Comments/ Insights on Functional Alignment","
22. Core values  [Importance]","
22. Core values  [Performance]","
23. Culture/ Values alignment  [Importance]","
23. Culture/ Values alignment  [Performance]","
24. Principled leadership  [Importance]","
24. Principled leadership  [Performance]","
25. Change management  [Importance]","
25. Change management  [Performance]","
26. Knowledge management  [Importance]","
26. Knowledge management  [Performance]","
27. Optimistic employee climate  [Importance]","
27. Optimistic employee climate  [Performance]","
Comments/ Insights on Culture,  innovation and learning"
"2026/01/25 7:18:53 AM EST","4","3","3","3","4","3","4","2","3","3","4","2","4","2","None","5","3","4","1","3","1","4","1","3","3","5","3","5","4","We are misaligned in  several areas","4","4","4","3","5","4","2","1","3","1","3","2","4","2","None","4","3","3","3","4","2","3","3","3","3","4","2","None"
"2026/01/25 7:23:05 AM EST","3","4","3","3","5","2","4","3","3","3","5","3","4","2","None","3","3","4","2","2","3","2","2","3","3","4","2","3","3","None","4","2","2","4","3","3","2","2","3","3","3","3","3","4","None","1","3","2","3","4","2","2","3","2","3","3","3","None"
"2026/01/25 12:02:43 PM EST","5","5","5","5","5","5","5","5","5","5","5","5","5","5","what we need to do and are capable of doing are different","5","3","5","3","5","2","5","3","5","3","5","3","4","3","WE are not aligned in term of communications with customers","5","3","5","3","3","2","5","3","5","4","4","3","5","5","WE are not completely addressing the AI and technologies issues in the future. We are behind the competitors","3","3","4","4","3","3","5","3","4","3","4","3","our culture is toxic and needs work"
"2026/01/25 12:08:57 PM EST","5","3","5","3","5","2","5","4","4","3","5","3","5","4","Our leaders are working at cross purposes","4","3","5","3","5","3","5","4","4","2","5","3","5","3","Much work needed in communication at senior levels with the rest of the organisation","5","4","5","4","5","3","5","3","5","3","5","3","5","5","We need to be more coordinated about our communication with the outside community and external market place","5","2","5","4","4","3","5","3","5","4","4","3","Culture and change management needs work"
"2026/01/29 9:13:18 AM EST","5","3","5","2","5","2","4","2","4","3","4","2","4","2","This are is strong but execution is weak.  ","5","4","4","2","4","3","4","3","5","3","5","3","3","2","xxxx","3","4","4","3","4","3","4","3","4","3","3","2","4","3","xxx","4","3","4","4","4","3","5","3","4","3","4","3","xxxx"